timestamp,stage,run_dir,train_acc,val_acc_peak,weighted_f1,micro_f1,macro_f1,size_mb,flops_operations,params,compression_ratio,complexity_matrix,test_fold_index,test_n_folds,test_split_pct
2026-02-11T13:44:43,before,C:\Project(s)\ENGR6971\Lightweight-TM\HART_Results\HART_16frameLength_16TimeStep_192ProjectionSize_0.005LR\PAMAP2,85.33505201339722,,84.61999999999999,84.61999999999999,82.23,,,,,,,,
2026-02-11T13:44:43,after,C:\Project(s)\ENGR6971\Lightweight-TM\HART_Results\HART_16frameLength_16TimeStep_192ProjectionSize_0.005LR\PAMAP2,85.33505201339722,,84.61999999999999,84.61999999999999,82.23,,,,,,,,
2026-02-11T13:45:31,before,C:\Project(s)\ENGR6971\Lightweight-TM\HART_Results\HART_16frameLength_16TimeStep_192ProjectionSize_0.005LR\PAMAP2,85.33505201339722,,84.61999999999999,84.61999999999999,82.23,,,,,,,,
2026-02-11T13:45:44,after,C:\Project(s)\ENGR6971\Lightweight-TM\HART_Results\HART_16frameLength_16TimeStep_192ProjectionSize_0.005LR\PAMAP2,85.33505201339722,,84.61999999999999,84.61999999999999,82.23,,,,,,,,
2026-02-11T13:49:56,after,C:\Project(s)\ENGR6971\Lightweight-TM\HART_Results\HART_16frameLength_16TimeStep_192ProjectionSize_0.005LR\PAMAP2,85.33505201339722,,84.61999999999999,84.61999999999999,82.23,,,,,,,,
2026-02-11T13:51:15,after,C:\Project(s)\ENGR6971\Lightweight-TM\HART_Results\HART_16frameLength_16TimeStep_192ProjectionSize_0.005LR\PAMAP2,85.33505201339722,,84.61999999999999,84.61999999999999,82.23,,,,,,,,
2026-03-03T17:54:51,before,C:\Project(s)\ENGR6971\Lightweight-TM\HART_Results\HART_16frameLength_16TimeStep_192ProjectionSize_0.001LR\PAMAP2,99.55676198005676,,84.96000000000001,85.22,83.36,,,,,,,,
2026-03-03T17:55:08,after,C:\Project(s)\ENGR6971\Lightweight-TM\HART_Results\HART_16frameLength_16TimeStep_192ProjectionSize_0.001LR\PAMAP2,99.55676198005676,,84.96000000000001,85.22,83.36,,,,,,,,
2026-03-10T00:24:03,before,C:\Project(s)\ENGR6971\Lightweight-TM\HART_Results\HART_16frameLength_16TimeStep_192ProjectionSize_0.0007LR_enhancedTok\PAMAP2,97.63289093971252,,85.41,85.84,83.75,9.1032,36149180.0,,,ComplexityMatrix.csv,,,
2026-03-10T00:25:30,before,C:\Project(s)\ENGR6971\Lightweight-TM\HART_Results\HART_16frameLength_16TimeStep_192ProjectionSize_0.0007LR_enhancedTok\PAMAP2,97.63289093971252,,85.41,85.84,83.75,9.1032,36149180.0,,,ComplexityMatrix.csv,,,
2026-03-10T00:25:30,after,C:\Project(s)\ENGR6971\Lightweight-TM\HART_Results\HART_16frameLength_16TimeStep_192ProjectionSize_0.0007LR_enhancedTok\PAMAP2,97.63289093971252,,85.41,85.84,83.75,9.1032,36149180.0,,,ComplexityMatrix.csv,,,
2026-03-10T09:58:01,before,C:\Project(s)\ENGR6971\Lightweight-TM\HART_Results\HART_16frameLength_16TimeStep_192ProjectionSize_0.0005LR_enhancedTok\PAMAP2,99.99761581420898,,87.51,87.75,85.97,9.1435,36318140.0,,,ComplexityMatrix.csv,,,
2026-03-10T09:58:01,after,C:\Project(s)\ENGR6971\Lightweight-TM\HART_Results\HART_16frameLength_16TimeStep_192ProjectionSize_0.0005LR_enhancedTok\PAMAP2,99.99761581420898,,87.51,87.75,85.97,9.1435,36318140.0,,,ComplexityMatrix.csv,,,
2026-03-16T16:38:51,before,C:\Project(s)\ENGR6971\Lightweight-TM\HART_Results\HART_16frameLength_16TimeStep_192ProjectionSize_0.0005LR_enhancedTok\PAMAP2,99.6999979019165,,88.53999999999999,88.82,88.23,9.1435,36318140.0,,,ComplexityMatrix.csv,,,
2026-03-16T16:38:51,after,C:\Project(s)\ENGR6971\Lightweight-TM\HART_Results\HART_16frameLength_16TimeStep_192ProjectionSize_0.0005LR_enhancedTok\PAMAP2,99.6999979019165,,88.53999999999999,88.82,88.23,9.1435,36318140.0,,,ComplexityMatrix.csv,,,
2026-03-16T17:41:19,before,C:\Project(s)\ENGR6971\Lightweight-TM\HART_Results\<new_run>\PAMAP2,,,,,,,,,,ComplexityMatrix.csv,,,
2026-03-16T17:41:19,after,C:\Project(s)\ENGR6971\Lightweight-TM\HART_Results\pruning,,,,,,,,,,ComplexityMatrix.csv,,,
2026-03-16T17:46:23,before,C:\Project(s)\ENGR6971\Lightweight-TM\HART_Results\<new_run>\PAMAP2,,,,,,,,,,ComplexityMatrix.csv,,,
2026-03-16T17:46:23,after,C:\Project(s)\ENGR6971\Lightweight-TM\HART_Results\pruning,,,,,,,,,,ComplexityMatrix.csv,,,
2026-03-24T13:10:34,before,C:\Project(s)\ENGR6971\Lightweight-TM,,,,,,,,,,ComplexityMatrix.csv,,,
2026-03-24T16:01:13,before,C:\Project(s)\ENGR6971\Lightweight-TM\HART_Results\HART\PAMAP2,,,,,,,,,,ComplexityMatrix.csv,,,
2026-03-24T16:01:39,before,C:\Project(s)\ENGR6971\Lightweight-TM\HART_Results\HART\PAMAP2,,,,,,,,,,ComplexityMatrix.csv,,,
2026-03-24T19:35:24,before,C:\Project(s)\ENGR6971\Lightweight-TM\HART_Results\HART_16frameLength_16TimeStep_192ProjectionSize_0.0005LR_enhancedTok\PAMAP2,99.8375,93.6736,87.24,87.53999999999999,86.67,9.1435,36318140.0,2396906.0,,ComplexityMatrix.csv,2.0,5.0,20.0
2026-03-24T19:36:06,before,C:\Project(s)\ENGR6971\Lightweight-TM\HART_Results\HART_16frameLength_16TimeStep_192ProjectionSize_0.0005LR_enhancedTok\PAMAP2,99.8375,93.6736,87.24,87.53999999999999,86.67,9.1435,36318140.0,2396906.0,,ComplexityMatrix.csv,2.0,5.0,20.0
2026-03-24T19:37:53,before,C:\Project(s)\ENGR6971\Lightweight-TM\HART_Results\HART_16frameLength_16TimeStep_192ProjectionSize_0.0007LR_enhancedTok\PAMAP2,97.6329,92.3949,85.41,85.84,83.75,9.1032,36149180.0,2386346.0,,ComplexityMatrix.csv,,,
2026-03-24T19:37:53,after,C:\Project(s)\ENGR6971\Lightweight-TM\HART_Results\HART_16frameLength_16TimeStep_192ProjectionSize_0.0005LR_enhancedTok\PAMAP2,99.8375,93.6736,87.24,87.53999999999999,86.67,9.1435,36318140.0,2396906.0,,ComplexityMatrix.csv,2.0,5.0,20.0
2026-03-25T00:57:15,before,C:\Project(s)\ENGR6971\Lightweight-TM\HART_Results\HART_16frameLength_16TimeStep_192ProjectionSize_0.0007LR_enhancedTok\PAMAP2,97.6329,92.3949,85.41,85.84,83.75,9.1032,36149180.0,2386346.0,,ComplexityMatrix.csv,,,
2026-03-25T00:57:15,after,C:\Project(s)\ENGR6971\Lightweight-TM\HART_Results\HART_16frameLength_16TimeStep_192ProjectionSize_0.0005LR_enhancedTok\PAMAP2,99.5062,93.5428,87.37,87.53999999999999,87.06,9.1435,36318140.0,2396906.0,,ComplexityMatrix.csv,2.0,5.0,20.0
2026-03-25T02:01:28,before,C:\Project(s)\ENGR6971\Lightweight-TM\HART_Results\HART_16frameLength_16TimeStep_192ProjectionSize_0.0007LR_enhancedTok\PAMAP2,97.6329,92.3949,85.41,85.84,83.75,9.1032,36149180.0,2386346.0,,ComplexityMatrix.csv,,,
2026-03-25T02:01:28,after,C:\Project(s)\ENGR6971\Lightweight-TM\HART_Results\HART_16frameLength_16TimeStep_192ProjectionSize_0.0005LR_enhancedTok\PAMAP2,99.5062,93.5428,87.37,87.53999999999999,87.06,9.1435,36318140.0,2396906.0,,ComplexityMatrix.csv,2.0,5.0,20.0
2026-03-25T02:03:27,before,C:\Project(s)\ENGR6971\Lightweight-TM\HART_Results\HART_16frameLength_16TimeStep_192ProjectionSize_0.0007LR_enhancedTok\PAMAP2,97.6329,92.3949,85.41,85.84,83.75,9.1032,36149180.0,2386346.0,,ComplexityMatrix.csv,,,
2026-03-25T02:03:27,after,C:\Project(s)\ENGR6971\Lightweight-TM\HART_Results\HART_16frameLength_16TimeStep_192ProjectionSize_0.0005LR_enhancedTok\PAMAP2,99.5062,93.5428,87.37,87.53999999999999,87.06,9.1435,36318140.0,2396906.0,,ComplexityMatrix.csv,2.0,5.0,20.0
2026-03-26T20:13:08,before,C:\Project(s)\ENGR6971\Lightweight-TM\HART_Results\HART_16frameLength_16TimeStep_192ProjectionSize_0.0005LR_enhancedTok\PAMAP2,99.0812,93.1065,87.03999999999999,87.19,86.48,9.1435,36318140.0,2396906.0,,ComplexityMatrix.csv,2.0,5.0,20.0
2026-03-26T20:13:22,before,C:\Project(s)\ENGR6971\Lightweight-TM\HART_Results\HART_16frameLength_16TimeStep_192ProjectionSize_0.0007LR_enhancedTok\PAMAP2,97.6329,92.3949,85.41,85.84,83.75,9.1032,36149180.0,2386346.0,,ComplexityMatrix.csv,,,
2026-03-26T20:13:22,after,C:\Project(s)\ENGR6971\Lightweight-TM\HART_Results\HART_16frameLength_16TimeStep_192ProjectionSize_0.0005LR_enhancedTok\PAMAP2,99.0812,93.1065,87.03999999999999,87.19,86.48,9.1435,36318140.0,2396906.0,,ComplexityMatrix.csv,2.0,5.0,20.0
2026-03-27T00:21:07,before,C:\Project(s)\ENGR6971\Lightweight-TM\HART_Results\HART_16frameLength_16TimeStep_192ProjectionSize_0.0007LR_enhancedTok\PAMAP2,97.6329,92.3949,85.41,85.84,83.75,9.1032,36149180.0,2386346.0,,ComplexityMatrix.csv,,,
2026-03-27T00:21:07,after,C:\Project(s)\ENGR6971\Lightweight-TM\HART_Results\HART_16frameLength_16TimeStep_192ProjectionSize_0.0005LR_enhancedTok\PAMAP2,99.0812,93.1065,87.03999999999999,87.19,86.48,9.1435,36318140.0,2396906.0,,ComplexityMatrix.csv,2.0,5.0,20.0
2026-04-06T23:38:08,before,C:\Project(s)\ENGR6971\Lightweight-TM\HART_Results\HART_16frameLength_16TimeStep_192ProjectionSize_0.0005LR_enhancedTok\PAMAP2,99.95,94.459,87.45,87.72,87.13,9.1435,36318140.0,2396906.0,,ComplexityMatrix.csv,2.0,5.0,20.0
2026-04-07T08:35:49,after,C:\Project(s)\ENGR6971\Lightweight-TM\HART_Results\HART_16frameLength_16TimeStep_192ProjectionSize_0.0005LR_enhancedTok\PAMAP2,99.95,94.459,87.45,87.72,87.13,9.1435,36318140.0,2396906.0,,ComplexityMatrix.csv,2.0,5.0,20.0
